"PCC","RMSE","MAE","MSE"
0.359990087138426,0.505847076551078,0.38924823863909,0.255881264855273
