"PCC","RMSE","MAE","MSE"
0.676614145481942,2.36583396047115,1.89565368077103,5.59717032851863
